{"cameraMode":{"drawMode":0,"name":"Shaded","section":"Shading Mode"},"sceneLighting":false,"audioPlay":false,"sceneViewState":{"showFog":true,"showMaterialUpdate":false,"showSkybox":false,"showFlares":true,"showImageEffects":true,"showParticleSystems":true,"showVisualEffectGraphs":true,"m_FxEnabled":true},"in2DMode":false,"pivot":{"x":-0.009405016899108887,"y":0.274630606174469,"z":-0.00423121452331543},"rotation":{"x":0.3061864376068115,"y":0.1532450020313263,"z":-0.047776512801647189,"w":0.9385819435119629},"size":0.7610606551170349,"orthographic":false}